subjectGroup,browser,version,screenWidth,screenHeight,OS,OS_lang,GMT_timestamp,local_timestamp,trial_file_version,link,calibration,id,age,gender,ethnicity,duration_s
"4",Chrome,121.0.0.0,1920,1080,Windows,en-GB,2024-01-30_12:52:51,2024-01-30_12:52:51,2023-12-13_11:01:32,https://www.testable.org/experiment/14865/146518/start,0.63,hs40,"20",woman,White,488.503

rowNo,type,stim1,stimFormat,ITI,key,keyboard,random,head,body,responseType,responseOptions,pageBreak,fixation,subjectGroup,cursor,identity condition,Time,time_block,ITI_ms,ITI_f,ITI_fDuration,timestamp,response,RT,correct,responseCode
"418",test,C2_123_DV_223_00,.jpg,"800",l,s l,"1","","","","","",ITI,"4",hide,Mismatch,present,"1",801,48,"16.68",203108,l,2388,"1",""
"424",test,DV_208_C2_206_00,.jpg,"800",l,s l,"1","","","","","",ITI,"4",hide,Mismatch,present,"1",801,48,"16.69",205052,l,1145,"1",""
"388",test,C2_155_DV_155_00,.jpg,"800",s,s l,"1","","","","","",ITI,"4",hide,Match,present,"1",801,48,"16.69",206748,s,907,"1",""
"419",test,C2_246_DV_160_00,.jpg,"800",l,s l,"1","","","","","",ITI,"4",hide,Mismatch,present,"1",801,48,"16.69",208644,s,1100,"0",""
"432",test,DV_094_C2_022_00,.jpg,"800",l,s l,"1","","","","","",ITI,"4",hide,Mismatch,present,"1",801,48,"16.69",210614,l,1168,"1",""
"431",test,C2_139_DV_120_00,.jpg,"800",l,s l,"1","","","","","",ITI,"4",hide,Mismatch,present,"1",801,48,"16.68",212429,l,1016,"1",""
"411",test,DV_024_C2_085_00,.jpg,"800",l,s l,"1","","","","","",ITI,"4",hide,Mismatch,present,"1",801,48,"16.69",214381,s,1167,"0",""
"422",test,DV_097_C2_007_00,.jpg,"800",l,s l,"1","","","","","",ITI,"4",hide,Mismatch,present,"1",801,48,"16.68",216157,l,990,"1",""
"395",test,DV_137_C2_137_00,.jpg,"800",s,s l,"1","","","","","",ITI,"4",hide,Match,present,"1",801,48,"16.69",218164,s,1211,"1",""
"420",test,DV_114_C2_126_00,.jpg,"800",l,s l,"1","","","","","",ITI,"4",hide,Mismatch,present,"1",801,48,"16.68",219724,s,769,"0",""
"401",test,C2_157_DV_157_00,.jpg,"800",s,s l,"1","","","","","",ITI,"4",hide,Match,present,"1",801,48,"16.69",221436,s,914,"1",""
"381",test,C2_293_DV_293_00,.jpg,"800",s,s l,"1","","","","","",ITI,"4",hide,Match,present,"1",801,48,"16.68",223134,s,910,"1",""
"387",test,C2_172_DV_172_00,.jpg,"800",s,s l,"1","","","","","",ITI,"4",hide,Match,present,"1",801,48,"16.69",224877,s,951,"1",""
"423",test,C2_261_DV_201_00,.jpg,"800",l,s l,"1","","","","","",ITI,"4",hide,Mismatch,present,"1",801,48,"16.69",226517,l,840,"1",""
"421",test,C2_218_DV_109_00,.jpg,"800",l,s l,"1","","","","","",ITI,"4",hide,Mismatch,present,"1",801,48,"16.68",228268,l,956,"1",""
"404",test,C2_257_DV_257_00,.jpg,"800",s,s l,"1","","","","","",ITI,"4",hide,Match,present,"1",801,48,"16.68",230053,s,989,"1",""
"433",test,C2_205_DV_048_00,.jpg,"800",l,s l,"1","","","","","",ITI,"4",hide,Mismatch,present,"1",801,48,"16.68",231894,l,1044,"1",""
"382",test,C2_152_DV_152_00,.jpg,"800",s,s l,"1","","","","","",ITI,"4",hide,Match,present,"1",801,48,"16.69",233773,s,1088,"1",""
"391",test,C2_207_DV_207_00,.jpg,"800",s,s l,"1","","","","","",ITI,"4",hide,Match,present,"1",801,48,"16.69",235805,l,1236,"0",""
"384",test,DV_087_C2_087_00,.jpg,"800",s,s l,"1","","","","","",ITI,"4",hide,Match,present,"1",801,48,"16.68",238076,s,1472,"1",""
"406",test,C2_075_DV_074_00,.jpg,"800",l,s l,"1","","","","","",ITI,"4",hide,Mismatch,present,"1",801,48,"16.69",241108,l,2234,"1",""
"407",test,DV_091_C2_211_00,.jpg,"800",l,s l,"1","","","","","",ITI,"4",hide,Mismatch,present,"1",801,48,"16.69",243029,l,1136,"1",""
"430",test,DV_231_C2_259_00,.jpg,"800",l,s l,"1","","","","","",ITI,"4",hide,Mismatch,present,"1",801,48,"16.69",244957,l,1129,"1",""
"398",test,C2_153_DV_153_00,.jpg,"800",s,s l,"1","","","","","",ITI,"4",hide,Match,present,"1",801,48,"16.69",247221,s,1474,"1",""
"410",test,DV_052_C2_264_00,.jpg,"800",l,s l,"1","","","","","",ITI,"4",hide,Mismatch,present,"1",801,48,"16.68",248958,l,942,"1",""
"413",test,DV_295_C2_216_00,.jpg,"800",l,s l,"1","","","","","",ITI,"4",hide,Mismatch,present,"1",801,48,"16.69",250557,l,805,"1",""
"379",test,C2_045_DV_045_00,.jpg,"800",s,s l,"1","","","","","",ITI,"4",hide,Match,present,"1",801,48,"16.68",252221,s,868,"1",""
"400",test,DV_147_C2_147_00,.jpg,"800",s,s l,"1","","","","","",ITI,"4",hide,Match,present,"1",801,48,"16.69",254038,s,1017,"1",""
"399",test,DV_089_C2_089_00,.jpg,"800",s,s l,"1","","","","","",ITI,"4",hide,Match,present,"1",801,48,"16.68",255685,l,862,"0",""
"428",test,C2_108_DV_282_00,.jpg,"800",l,s l,"1","","","","","",ITI,"4",hide,Mismatch,present,"1",801,48,"16.68",257997,l,1522,"1",""
"425",test,DV_215_C2_050_00,.jpg,"800",l,s l,"1","","","","","",ITI,"4",hide,Mismatch,present,"1",801,48,"16.69",259765,l,971,"1",""
"416",test,C2_011_DV_049_00,.jpg,"800",l,s l,"1","","","","","",ITI,"4",hide,Mismatch,present,"1",801,48,"16.68",261236,l,673,"1",""
"405",test,C2_243_DV_243_00,.jpg,"800",s,s l,"1","","","","","",ITI,"4",hide,Mismatch,present,"1",801,48,"16.69",263093,s,1063,"1",""
"403",test,C2_194_DV_194_00,.jpg,"800",s,s l,"1","","","","","",ITI,"4",hide,Match,present,"1",801,48,"16.68",264836,s,954,"1",""
"396",test,DV_141_C2_141_00,.jpg,"800",s,s l,"1","","","","","",ITI,"4",hide,Match,present,"1",801,48,"16.68",266837,s,1204,"1",""
"393",test,C2_256_DV_256_00,.jpg,"800",s,s l,"1","","","","","",ITI,"4",hide,Match,present,"1",801,48,"16.68",268620,s,984,"1",""
"402",test,DV_027_C2_027_00,.jpg,"800",s,s l,"1","","","","","",ITI,"4",hide,Match,present,"1",801,48,"16.69",270348,s,926,"1",""
"376",test,C2_113_DV_113_00,.jpg,"800",s,s l,"1","","","","","",ITI,"4",hide,Match,present,"1",801,48,"16.68",271990,s,850,"1",""
"429",test,DV_154_C2_042_00,.jpg,"800",l,s l,"1","","","","","",ITI,"4",hide,Mismatch,present,"1",801,48,"16.69",274254,l,1479,"1",""
"417",test,C2_171_DV_185_00,.jpg,"800",l,s l,"1","","","","","",ITI,"4",hide,Mismatch,present,"1",801,48,"16.68",276445,l,1402,"1",""
"392",test,DV_041_C2_041_00,.jpg,"800",s,s l,"1","","","","","",ITI,"4",hide,Match,present,"1",801,48,"16.68",278534,s,1289,"1",""
"386",test,C2_034_DV_034_00,.jpg,"800",s,s l,"1","","","","","",ITI,"4",hide,Match,present,"1",801,48,"16.68",280557,l,1226,"0",""
"390",test,DV_046_C2_046_00,.jpg,"800",s,s l,"1","","","","","",ITI,"4",hide,Match,present,"1",801,48,"16.69",282468,s,1118,"1",""
"415",test,DV_178_C2_060_00,.jpg,"800",l,s l,"1","","","","","",ITI,"4",hide,Mismatch,present,"1",801,48,"16.69",284646,l,1378,"1",""
"378",test,C2_014_DV_014_00,.jpg,"800",s,s l,"1","","","","","",ITI,"4",hide,Match,present,"1",801,48,"16.68",286781,s,1343,"1",""
"414",test,DV_143_C2_132_00,.jpg,"800",l,s l,"1","","","","","",ITI,"4",hide,Mismatch,present,"1",801,48,"16.68",288732,s,1159,"0",""
"383",test,DV_167_C2_167_00,.jpg,"800",s,s l,"1","","","","","",ITI,"4",hide,Match,present,"1",801,48,"16.68",290566,s,1040,"1",""
"409",test,C2_031_DV_083_00,.jpg,"800",l,s l,"1","","","","","",ITI,"4",hide,Mismatch,present,"1",801,48,"16.69",292773,s,1413,"0",""
"380",test,C2_302_DV_302_00,.jpg,"800",s,s l,"1","","","","","",ITI,"4",hide,Match,present,"1",801,48,"16.68",294509,s,947,"1",""
"397",test,DV_100_C2_100_00,.jpg,"800",s,s l,"1","","","","","",ITI,"4",hide,Match,present,"1",801,48,"16.68",296444,s,1148,"1",""
"426",test,DV_219_C2_135_00,.jpg,"800",l,s l,"1","","","","","",ITI,"4",hide,Mismatch,present,"1",801,48,"16.69",298581,l,1348,"1",""
"385",test,DV_103_C2_103_00,.jpg,"800",s,s l,"1","","","","","",ITI,"4",hide,Match,present,"1",801,48,"16.69",300373,s,1006,"1",""
"408",test,C2_003_DV_018_00,.jpg,"800",l,s l,"1","","","","","",ITI,"4",hide,Mismatch,present,"1",801,48,"16.68",303021,l,1851,"1",""
"412",test,C2_099_DV_025_00,.jpg,"800",l,s l,"1","","","","","",ITI,"4",hide,Mismatch,present,"1",801,48,"16.68",305069,l,1264,"1",""
"389",test,C2_247_DV_247_00,.jpg,"800",s,s l,"1","","","","","",ITI,"4",hide,Match,present,"1",801,48,"16.69",306989,s,1132,"1",""
"377",test,DV_015_C2_015_00,.jpg,"800",s,s l,"1","","","","","",ITI,"4",hide,Match,present,"1",801,48,"16.68",308972,s,1196,"1",""
"435",test,C2_242_DV_254_00,.jpg,"800",l,s l,"1","","","","","",ITI,"4",hide,Mismatch,present,"1",801,48,"16.68",310661,s,900,"0",""
"434",test,C2_265_DV_287_00,.jpg,"800",l,s l,"1","","","","","",ITI,"4",hide,Mismatch,present,"1",801,48,"16.68",312925,l,1479,"1",""
"394",test,DV_127_C2_127_00,.jpg,"800",s,s l,"1","","","","","",ITI,"4",hide,Match,present,"1",801,48,"16.68",314461,s,746,"1",""
"427",test,DV_170_C2_270_00,.jpg,"800",l,s l,"1","","","","","",ITI,"4",hide,Mismatch,present,"1",801,48,"16.68",316269,l,1019,"1",""
"436",form,"","","","","","",How stressed did you feel during the previous task?,"-10 being completely relaxed, 0 being neither relaxed nor stressed, and +10 being extremely stressed",slider,-10_10_1,"1","","4","","",present,"",801,"","",327501,-9,10703,"0",-9
"443",test,C2_182_DV_182_00,.jpg,"800",s,s l,"2","","","","","",ITI,"4",hide,Match,absent,"2",801,48,"16.68",356661,s,1822,"1",""
"445",test,C2_294_DV_294_00,.jpg,"800",s,s l,"2","","","","","",ITI,"4",hide,Match,absent,"2",801,48,"16.68",358214,s,754,"1",""
"474",test,DV_203_C2_277_00,.jpg,"800",l,s l,"2","","","","","",ITI,"4",hide,Mismatch,absent,"2",801,48,"16.69",360581,l,1570,"1",""
"461",test,C2_105_DV_105_00,.jpg,"800",s,s l,"2","","","","","",ITI,"4",hide,Match,absent,"2",801,48,"16.68",362205,s,825,"1",""
"493",test,DV_078_C2_125_00,.jpg,"800",l,s l,"2","","","","","",ITI,"4",hide,Mismatch,absent,"2",801,48,"16.69",364142,l,1144,"1",""
"486",test,C2_174_DV_183_00,.jpg,"800",l,s l,"2","","","","","",ITI,"4",hide,Mismatch,absent,"2",801,48,"16.68",366118,l,1184,"1",""
"450",test,DV_064_C2_064_00,.jpg,"800",s,s l,"2","","","","","",ITI,"4",hide,Match,absent,"2",801,48,"16.68",367957,s,1038,"1",""
"442",test,C2_032_DV_032_00,.jpg,"800",s,s l,"2","","","","","",ITI,"4",hide,Match,absent,"2",801,48,"16.68",369789,s,1035,"1",""
"467",test,C2_290_DV_290_00,.jpg,"800",s,s l,"2","","","","","",ITI,"4",hide,Mismatch,absent,"2",801,48,"16.68",371582,s,992,"1",""
"481",test,DV_067_C2_057_00,.jpg,"800",l,s l,"2","","","","","",ITI,"4",hide,Mismatch,absent,"2",801,48,"16.69",373324,l,950,"1",""
"495",test,DV_237_C2_297_00,.jpg,"800",l,s l,"2","","","","","",ITI,"4",hide,Mismatch,absent,"2",801,48,"16.69",375382,l,1255,"1",""
"482",test,C2_023_DV_304_00,.jpg,"800",l,s l,"2","","","","","",ITI,"4",hide,Mismatch,absent,"2",801,48,"16.68",377758,l,1579,"1",""
"492",test,DV_303_C2_217_00,.jpg,"800",l,s l,"2","","","","","",ITI,"4",hide,Mismatch,absent,"2",801,48,"16.69",380022,l,1475,"1",""
"471",test,C2_035_DV_019_00,.jpg,"800",l,s l,"2","","","","","",ITI,"4",hide,Mismatch,absent,"2",801,48,"16.68",381789,l,973,"1",""
"469",test,C2_038_DV_081_00,.jpg,"800",l,s l,"2","","","","","",ITI,"4",hide,Mismatch,absent,"2",801,48,"16.68",383572,l,987,"1",""
"491",test,C2_051_DV_238_00,.jpg,"800",l,s l,"2","","","","","",ITI,"4",hide,Mismatch,absent,"2",801,48,"16.69",385486,l,1116,"1",""
"477",test,C2_222_DV_204_00,.jpg,"800",l,s l,"2","","","","","",ITI,"4",hide,Mismatch,absent,"2",801,48,"16.68",387781,l,1511,"1",""
"453",test,C2_258_DV_258_00,.jpg,"800",s,s l,"2","","","","","",ITI,"4",hide,Match,absent,"2",801,48,"16.68",389493,s,920,"1",""
"472",test,C2_009_DV_033_00,.jpg,"800",l,s l,"2","","","","","",ITI,"4",hide,Mismatch,absent,"2",801,48,"16.69",391309,l,1017,"1",""
"476",test,DV_020_C2_090_00,.jpg,"800",l,s l,"2","","","","","",ITI,"4",hide,Mismatch,absent,"2",801,48,"16.69",393141,l,1047,"1",""
"483",test,C2_288_DV_255_00,.jpg,"800",l,s l,"2","","","","","",ITI,"4",hide,Mismatch,absent,"2",801,48,"16.68",395101,l,1171,"1",""
"462",test,DV_200_C2_200_00,.jpg,"800",s,s l,"2","","","","","",ITI,"4",hide,Match,absent,"2",801,48,"16.68",396861,s,963,"1",""
"449",test,C2_112_DV_112_00,.jpg,"800",s,s l,"2","","","","","",ITI,"4",hide,Match,absent,"2",801,48,"16.68",398541,s,893,"1",""
"478",test,C2_092_DV_227_00,.jpg,"800",l,s l,"2","","","","","",ITI,"4",hide,Mismatch,absent,"2",801,48,"16.68",400678,l,1343,"1",""
"475",test,DV_044_C2_240_00,.jpg,"800",l,s l,"2","","","","","",ITI,"4",hide,Mismatch,absent,"2",801,48,"16.68",402484,l,1014,"1",""
"480",test,DV_130_C2_253_00,.jpg,"800",l,s l,"2","","","","","",ITI,"4",hide,Mismatch,absent,"2",801,48,"16.68",404341,s,1070,"0",""
"459",test,DV_190_C2_190_00,.jpg,"800",s,s l,"2","","","","","",ITI,"4",hide,Match,absent,"2",801,48,"16.68",406165,s,1024,"1",""
"447",test,C2_226_DV_226_00,.jpg,"800",s,s l,"2","","","","","",ITI,"4",hide,Match,absent,"2",801,48,"16.68",407718,s,759,"1",""
"464",test,C2_071_DV_071_00,.jpg,"800",s,s l,"2","","","","","",ITI,"4",hide,Match,absent,"2",801,48,"16.68",409550,s,1040,"1",""
"470",test,C2_012_DV_245_00,.jpg,"800",l,s l,"2","","","","","",ITI,"4",hide,Mismatch,absent,"2",801,48,"16.68",411374,l,1028,"1",""
"466",test,C2_140_DV_140_00,.jpg,"800",s,s l,"2","","","","","",ITI,"4",hide,Match,absent,"2",801,48,"16.68",413478,l,1313,"0",""
"455",test,C2_271_DV_271_00,.jpg,"800",s,s l,"2","","","","","",ITI,"4",hide,Match,absent,"2",801,48,"16.68",415726,s,1461,"1",""
"473",test,C2_179_DV_021_00,.jpg,"800",l,s l,"2","","","","","",ITI,"4",hide,Mismatch,absent,"2",801,48,"16.68",417997,s,1478,"0",""
"497",test,DV_013_C2_235_00,.jpg,"800",l,s l,"2","","","","","",ITI,"4",hide,Mismatch,absent,"2",801,48,"16.68",419918,l,1130,"1",""
"496",test,C2_077_DV_133_00,.jpg,"800",l,s l,"2","","","","","",ITI,"4",hide,Mismatch,absent,"2",801,48,"16.69",421965,s,1259,"0",""
"494",test,C2_037_DV_030_00,.jpg,"800",l,s l,"2","","","","","",ITI,"4",hide,Mismatch,absent,"2",801,48,"16.68",423726,s,967,"0",""
"468",test,DV_059_C2_055_00,.jpg,"800",l,s l,"2","","","","","",ITI,"4",hide,Mismatch,absent,"2",801,48,"16.69",426334,s,1807,"0",""
"488",test,C2_076_DV_079_00,.jpg,"800",l,s l,"2","","","","","",ITI,"4",hide,Mismatch,absent,"2",801,48,"16.68",428541,l,1412,"1",""
"458",test,C2_131_DV_131_00,.jpg,"800",s,s l,"2","","","","","",ITI,"4",hide,Match,absent,"2",801,48,"16.68",430285,s,953,"1",""
"441",test,C2_053_DV_053_00,.jpg,"800",s,s l,"2","","","","","",ITI,"4",hide,Match,absent,"2",801,48,"16.68",432108,s,1026,"1",""
"487",test,DV_129_C2_199_00,.jpg,"800",l,s l,"2","","","","","",ITI,"4",hide,Mismatch,absent,"2",801,48,"16.69",433766,l,864,"1",""
"463",test,DV_008_C2_008_00,.jpg,"800",s,s l,"2","","","","","",ITI,"4",hide,Match,absent,"2",801,48,"16.69",435685,s,1132,"1",""
"479",test,C2_070_DV_128_00,.jpg,"800",l,s l,"2","","","","","",ITI,"4",hide,Mismatch,absent,"2",801,48,"16.68",438541,l,2069,"1",""
"440",test,C2_036_DV_036_00,.jpg,"800",s,s l,"2","","","","","",ITI,"4",hide,Match,absent,"2",801,48,"16.69",440302,s,961,"1",""
"484",test,C2_095_DV_229_00,.jpg,"800",l,s l,"2","","","","","",ITI,"4",hide,Mismatch,absent,"2",801,48,"16.69",442981,l,1888,"1",""
"444",test,DV_118_C2_118_00,.jpg,"800",s,s l,"2","","","","","",ITI,"4",hide,Match,absent,"2",801,48,"16.68",446398,s,2618,"1",""
"485",test,DV_007_C2_098_00,.jpg,"800",l,s l,"2","","","","","",ITI,"4",hide,Mismatch,absent,"2",801,48,"16.68",448612,l,1429,"1",""
"457",test,DV_062_C2_062_00,.jpg,"800",s,s l,"2","","","","","",ITI,"4",hide,Match,absent,"2",801,48,"16.69",452477,l,3076,"0",""
"460",test,C2_260_DV_260_00,.jpg,"800",s,s l,"2","","","","","",ITI,"4",hide,Match,absent,"2",801,48,"16.68",454725,s,1454,"1",""
"489",test,DV_299_C2_111_00,.jpg,"800",l,s l,"2","","","","","",ITI,"4",hide,Mismatch,absent,"2",801,48,"16.68",457532,l,2007,"1",""
"448",test,C2_142_DV_142_00,.jpg,"800",s,s l,"2","","","","","",ITI,"4",hide,Match,absent,"2",801,48,"16.68",459244,s,918,"1",""
"451",test,DV_004_C2_004_00,.jpg,"800",s,s l,"2","","","","","",ITI,"4",hide,Match,absent,"2",801,48,"16.69",460756,s,711,"1",""
"465",test,DV_166_C2_166_00,.jpg,"800",s,s l,"2","","","","","",ITI,"4",hide,Match,absent,"2",801,48,"16.68",462790,s,1243,"1",""
"446",test,C2_291_DV_291_00,.jpg,"800",s,s l,"2","","","","","",ITI,"4",hide,Match,absent,"2",801,48,"16.69",464381,s,799,"1",""
"452",test,C2_040_DV_040_00,.jpg,"800",s,s l,"2","","","","","",ITI,"4",hide,Match,absent,"2",801,48,"16.68",466246,s,1079,"1",""
"439",test,C2_080_DV_080_00,.jpg,"800",s,s l,"2","","","","","",ITI,"4",hide,Match,absent,"2",801,48,"16.69",467756,s,720,"1",""
"438",test,DV_002_C2_002_00,.jpg,"800",s,s l,"2","","","","","",ITI,"4",hide,Match,absent,"2",801,48,"16.69",469366,s,813,"1",""
"456",test,C2_181_Dv_181_00,.jpg,"800",s,s l,"2","","","","","",ITI,"4",hide,Match,absent,"2",801,48,"16.69",470926,s,770,"1",""
"490",test,C2_289_DV_039_00,.jpg,"800",l,s l,"2","","","","","",ITI,"4",hide,Mismatch,absent,"2",801,48,"16.69",472894,l,1170,"1",""
"454",test,C2_146_DV_146_00,.jpg,"800",s,s l,"2","","","","","",ITI,"4",hide,Match,absent,"2",801,48,"16.69",474566,s,873,"1",""
"498",form,"","","","","","",How stressed did you feel during the previous task?,"-10 being completely relaxed, 0 being neither relaxed nor stressed, and +10 being extremely stressed",slider,-10_10_1,"1","","4","","",absent,"",801,"","",481796,-10,6707,"0",-10