subjectGroup,browser,version,screenWidth,screenHeight,OS,OS_lang,GMT_timestamp,local_timestamp,trial_file_version,link,calibration,id,age,gender,ethnicity,duration_s
"4",Chrome,120.0.0.0,1920,1080,Windows,en-GB,2024-01-16_12:27:12,2024-01-16_12:27:12,2023-12-13_11:01:32,https://www.testable.org/experiment/14865/146518/start,0.72,HS7,"20",woman,White,635.507

rowNo,type,stim1,stimFormat,ITI,key,keyboard,random,head,body,responseType,responseOptions,pageBreak,fixation,subjectGroup,cursor,identity condition,Time,time_block,ITI_ms,ITI_f,ITI_fDuration,timestamp,response,RT,correct,responseCode
"399",test,DV_089_C2_089_00,.jpg,"800",s,s l,"1","","","","","",ITI,"4",hide,Match,present,"1",801,48,"16.68",305544,s,7048,"1",""
"433",test,C2_205_DV_048_00,.jpg,"800",l,s l,"1","","","","","",ITI,"4",hide,Mismatch,present,"1",801,48,"16.68",307544,l,1208,"1",""
"416",test,C2_011_DV_049_00,.jpg,"800",l,s l,"1","","","","","",ITI,"4",hide,Mismatch,present,"1",801,48,"16.68",310824,s,2487,"0",""
"430",test,DV_231_C2_259_00,.jpg,"800",l,s l,"1","","","","","",ITI,"4",hide,Mismatch,present,"1",801,48,"16.69",312784,s,1159,"0",""
"417",test,C2_171_DV_185_00,.jpg,"800",l,s l,"1","","","","","",ITI,"4",hide,Mismatch,present,"1",801,48,"16.68",315488,s,1912,"0",""
"384",test,DV_087_C2_087_00,.jpg,"800",s,s l,"1","","","","","",ITI,"4",hide,Match,present,"1",801,48,"16.68",317103,s,825,"1",""
"397",test,DV_100_C2_100_00,.jpg,"800",s,s l,"1","","","","","",ITI,"4",hide,Match,present,"1",801,48,"16.69",318880,s,982,"1",""
"434",test,C2_265_DV_287_00,.jpg,"800",l,s l,"1","","","","","",ITI,"4",hide,Mismatch,present,"1",801,48,"16.68",323488,l,3823,"1",""
"431",test,C2_139_DV_120_00,.jpg,"800",l,s l,"1","","","","","",ITI,"4",hide,Mismatch,present,"1",801,48,"16.69",325768,s,1481,"0",""
"415",test,DV_178_C2_060_00,.jpg,"800",l,s l,"1","","","","","",ITI,"4",hide,Mismatch,present,"1",801,48,"16.68",327648,l,1092,"1",""
"394",test,DV_127_C2_127_00,.jpg,"800",s,s l,"1","","","","","",ITI,"4",hide,Match,present,"1",801,48,"16.68",329575,s,1134,"1",""
"412",test,C2_099_DV_025_00,.jpg,"800",l,s l,"1","","","","","",ITI,"4",hide,Mismatch,present,"1",801,48,"16.68",331568,l,1192,"1",""
"435",test,C2_242_DV_254_00,.jpg,"800",l,s l,"1","","","","","",ITI,"4",hide,Mismatch,present,"1",801,48,"16.68",333736,l,1374,"1",""
"424",test,DV_208_C2_206_00,.jpg,"800",l,s l,"1","","","","","",ITI,"4",hide,Mismatch,present,"1",801,48,"16.69",335632,l,1101,"1",""
"400",test,DV_147_C2_147_00,.jpg,"800",s,s l,"1","","","","","",ITI,"4",hide,Match,present,"1",801,48,"16.68",337904,s,1472,"1",""
"404",test,C2_257_DV_257_00,.jpg,"800",s,s l,"1","","","","","",ITI,"4",hide,Match,present,"1",801,48,"16.69",339816,s,1115,"1",""
"420",test,DV_114_C2_126_00,.jpg,"800",l,s l,"1","","","","","",ITI,"4",hide,Mismatch,present,"1",801,48,"16.68",343047,l,2444,"1",""
"410",test,DV_052_C2_264_00,.jpg,"800",l,s l,"1","","","","","",ITI,"4",hide,Mismatch,present,"1",801,48,"16.68",344832,l,992,"1",""
"405",test,C2_243_DV_243_00,.jpg,"800",s,s l,"1","","","","","",ITI,"4",hide,Mismatch,present,"1",801,48,"16.68",346896,s,1271,"1",""
"428",test,C2_108_DV_282_00,.jpg,"800",l,s l,"1","","","","","",ITI,"4",hide,Mismatch,present,"1",801,48,"16.68",351720,l,4026,"1",""
"390",test,DV_046_C2_046_00,.jpg,"800",s,s l,"1","","","","","",ITI,"4",hide,Match,present,"1",801,48,"16.69",354376,s,1861,"1",""
"401",test,C2_157_DV_157_00,.jpg,"800",s,s l,"1","","","","","",ITI,"4",hide,Match,present,"1",801,48,"16.68",356048,s,881,"1",""
"426",test,DV_219_C2_135_00,.jpg,"800",l,s l,"1","","","","","",ITI,"4",hide,Mismatch,present,"1",801,48,"16.68",363464,l,6628,"1",""
"414",test,DV_143_C2_132_00,.jpg,"800",l,s l,"1","","","","","",ITI,"4",hide,Mismatch,present,"1",801,48,"16.68",366424,s,2164,"0",""
"403",test,C2_194_DV_194_00,.jpg,"800",s,s l,"1","","","","","",ITI,"4",hide,Match,present,"1",801,48,"16.68",368208,s,994,"1",""
"382",test,C2_152_DV_152_00,.jpg,"800",s,s l,"1","","","","","",ITI,"4",hide,Match,present,"1",801,48,"16.68",369807,s,810,"1",""
"395",test,DV_137_C2_137_00,.jpg,"800",s,s l,"1","","","","","",ITI,"4",hide,Match,present,"1",801,48,"16.68",371648,s,1048,"1",""
"425",test,DV_215_C2_050_00,.jpg,"800",l,s l,"1","","","","","",ITI,"4",hide,Mismatch,present,"1",801,48,"16.68",376008,l,3573,"1",""
"408",test,C2_003_DV_018_00,.jpg,"800",l,s l,"1","","","","","",ITI,"4",hide,Mismatch,present,"1",801,48,"16.68",378256,l,1450,"1",""
"393",test,C2_256_DV_256_00,.jpg,"800",s,s l,"1","","","","","",ITI,"4",hide,Match,present,"1",801,48,"16.69",379975,s,934,"1",""
"411",test,DV_024_C2_085_00,.jpg,"800",l,s l,"1","","","","","",ITI,"4",hide,Mismatch,present,"1",801,48,"16.68",383224,l,2464,"1",""
"376",test,C2_113_DV_113_00,.jpg,"800",s,s l,"1","","","","","",ITI,"4",hide,Match,present,"1",801,48,"16.68",385247,s,1234,"1",""
"418",test,C2_123_DV_223_00,.jpg,"800",l,s l,"1","","","","","",ITI,"4",hide,Mismatch,present,"1",801,48,"16.69",387176,l,1128,"1",""
"432",test,DV_094_C2_022_00,.jpg,"800",l,s l,"1","","","","","",ITI,"4",hide,Mismatch,present,"1",801,48,"16.69",389224,l,1257,"1",""
"402",test,DV_027_C2_027_00,.jpg,"800",s,s l,"1","","","","","",ITI,"4",hide,Match,present,"1",801,48,"16.68",391079,s,1061,"1",""
"391",test,C2_207_DV_207_00,.jpg,"800",s,s l,"1","","","","","",ITI,"4",hide,Match,present,"1",801,48,"16.69",392688,s,817,"1",""
"387",test,C2_172_DV_172_00,.jpg,"800",s,s l,"1","","","","","",ITI,"4",hide,Match,present,"1",801,48,"16.69",394328,s,855,"1",""
"379",test,C2_045_DV_045_00,.jpg,"800",s,s l,"1","","","","","",ITI,"4",hide,Match,present,"1",801,48,"16.68",396096,s,972,"1",""
"427",test,DV_170_C2_270_00,.jpg,"800",l,s l,"1","","","","","",ITI,"4",hide,Mismatch,present,"1",801,48,"16.69",398608,l,1716,"1",""
"383",test,DV_167_C2_167_00,.jpg,"800",s,s l,"1","","","","","",ITI,"4",hide,Match,present,"1",801,48,"16.68",400712,s,1317,"1",""
"396",test,DV_141_C2_141_00,.jpg,"800",s,s l,"1","","","","","",ITI,"4",hide,Match,present,"1",801,48,"16.68",402328,s,831,"1",""
"380",test,C2_302_DV_302_00,.jpg,"800",s,s l,"1","","","","","",ITI,"4",hide,Match,present,"1",801,48,"16.68",404624,s,1509,"1",""
"422",test,DV_097_C2_007_00,.jpg,"800",l,s l,"1","","","","","",ITI,"4",hide,Mismatch,present,"1",801,48,"16.68",406351,l,934,"1",""
"419",test,C2_246_DV_160_00,.jpg,"800",l,s l,"1","","","","","",ITI,"4",hide,Mismatch,present,"1",801,48,"16.68",411152,l,4015,"1",""
"381",test,C2_293_DV_293_00,.jpg,"800",s,s l,"1","","","","","",ITI,"4",hide,Match,present,"1",801,48,"16.69",412904,s,963,"1",""
"413",test,DV_295_C2_216_00,.jpg,"800",l,s l,"1","","","","","",ITI,"4",hide,Mismatch,present,"1",801,48,"16.69",415008,s,1315,"0",""
"421",test,C2_218_DV_109_00,.jpg,"800",l,s l,"1","","","","","",ITI,"4",hide,Mismatch,present,"1",801,48,"16.68",417127,l,1333,"1",""
"407",test,DV_091_C2_211_00,.jpg,"800",l,s l,"1","","","","","",ITI,"4",hide,Mismatch,present,"1",801,48,"16.68",419135,l,1222,"1",""
"409",test,C2_031_DV_083_00,.jpg,"800",l,s l,"1","","","","","",ITI,"4",hide,Mismatch,present,"1",801,48,"16.68",420807,s,875,"0",""
"406",test,C2_075_DV_074_00,.jpg,"800",l,s l,"1","","","","","",ITI,"4",hide,Mismatch,present,"1",801,48,"16.69",424320,l,2719,"1",""
"398",test,C2_153_DV_153_00,.jpg,"800",s,s l,"1","","","","","",ITI,"4",hide,Match,present,"1",801,48,"16.69",426688,s,1567,"1",""
"385",test,DV_103_C2_103_00,.jpg,"800",s,s l,"1","","","","","",ITI,"4",hide,Match,present,"1",801,48,"16.68",429528,s,2055,"1",""
"378",test,C2_014_DV_014_00,.jpg,"800",s,s l,"1","","","","","",ITI,"4",hide,Match,present,"1",801,48,"16.68",431487,s,1162,"1",""
"388",test,C2_155_DV_155_00,.jpg,"800",s,s l,"1","","","","","",ITI,"4",hide,Match,present,"1",801,48,"16.68",433104,s,826,"1",""
"386",test,C2_034_DV_034_00,.jpg,"800",s,s l,"1","","","","","",ITI,"4",hide,Match,present,"1",801,48,"16.69",437071,s,3175,"1",""
"392",test,DV_041_C2_041_00,.jpg,"800",s,s l,"1","","","","","",ITI,"4",hide,Match,present,"1",801,48,"16.68",438871,s,1005,"1",""
"377",test,DV_015_C2_015_00,.jpg,"800",s,s l,"1","","","","","",ITI,"4",hide,Match,present,"1",801,48,"16.68",440639,s,971,"1",""
"389",test,C2_247_DV_247_00,.jpg,"800",s,s l,"1","","","","","",ITI,"4",hide,Match,present,"1",801,48,"16.69",442368,s,931,"1",""
"429",test,DV_154_C2_042_00,.jpg,"800",l,s l,"1","","","","","",ITI,"4",hide,Mismatch,present,"1",801,48,"16.68",450240,s,7084,"0",""
"423",test,C2_261_DV_201_00,.jpg,"800",l,s l,"1","","","","","",ITI,"4",hide,Mismatch,present,"1",801,48,"16.68",452424,l,1394,"1",""
"436",form,"","","","","","",How stressed did you feel during the previous task?,"-10 being completely relaxed, 0 being neither relaxed nor stressed, and +10 being extremely stressed",slider,-10_10_1,"1","","4","","",present,"",801,"","",461544,"2",8600,"0","2"
"486",test,C2_174_DV_183_00,.jpg,"800",l,s l,"2","","","","","",ITI,"4",hide,Mismatch,absent,"2",801,48,"16.69",479711,l,2539,"1",""
"487",test,DV_129_C2_199_00,.jpg,"800",l,s l,"2","","","","","",ITI,"4",hide,Mismatch,absent,"2",801,48,"16.69",482504,l,1995,"1",""
"471",test,C2_035_DV_019_00,.jpg,"800",l,s l,"2","","","","","",ITI,"4",hide,Mismatch,absent,"2",801,48,"16.69",488007,l,4712,"1",""
"467",test,C2_290_DV_290_00,.jpg,"800",s,s l,"2","","","","","",ITI,"4",hide,Mismatch,absent,"2",801,48,"16.69",490031,s,1231,"1",""
"442",test,C2_032_DV_032_00,.jpg,"800",s,s l,"2","","","","","",ITI,"4",hide,Match,absent,"2",801,48,"16.69",491719,s,900,"1",""
"495",test,DV_237_C2_297_00,.jpg,"800",l,s l,"2","","","","","",ITI,"4",hide,Mismatch,absent,"2",801,48,"16.68",494391,l,1887,"1",""
"492",test,DV_303_C2_217_00,.jpg,"800",l,s l,"2","","","","","",ITI,"4",hide,Mismatch,absent,"2",801,48,"16.68",496599,l,1409,"1",""
"461",test,C2_105_DV_105_00,.jpg,"800",s,s l,"2","","","","","",ITI,"4",hide,Match,absent,"2",801,48,"16.68",498295,s,903,"1",""
"489",test,DV_299_C2_111_00,.jpg,"800",l,s l,"2","","","","","",ITI,"4",hide,Mismatch,absent,"2",801,48,"16.69",500455,l,1361,"1",""
"496",test,C2_077_DV_133_00,.jpg,"800",l,s l,"2","","","","","",ITI,"4",hide,Mismatch,absent,"2",801,48,"16.69",507911,l,6665,"1",""
"447",test,C2_226_DV_226_00,.jpg,"800",s,s l,"2","","","","","",ITI,"4",hide,Match,absent,"2",801,48,"16.68",509575,s,871,"1",""
"448",test,C2_142_DV_142_00,.jpg,"800",s,s l,"2","","","","","",ITI,"4",hide,Match,absent,"2",801,48,"16.69",511455,s,1083,"1",""
"457",test,DV_062_C2_062_00,.jpg,"800",s,s l,"2","","","","","",ITI,"4",hide,Match,absent,"2",801,48,"16.69",513264,s,1023,"1",""
"480",test,DV_130_C2_253_00,.jpg,"800",l,s l,"2","","","","","",ITI,"4",hide,Mismatch,absent,"2",801,48,"16.68",516256,s,2196,"0",""
"491",test,C2_051_DV_238_00,.jpg,"800",l,s l,"2","","","","","",ITI,"4",hide,Mismatch,absent,"2",801,48,"16.68",518391,l,1346,"1",""
"450",test,DV_064_C2_064_00,.jpg,"800",s,s l,"2","","","","","",ITI,"4",hide,Match,absent,"2",801,48,"16.69",520560,s,1379,"1",""
"446",test,C2_291_DV_291_00,.jpg,"800",s,s l,"2","","","","","",ITI,"4",hide,Match,absent,"2",801,48,"16.68",522255,s,905,"1",""
"466",test,C2_140_DV_140_00,.jpg,"800",s,s l,"2","","","","","",ITI,"4",hide,Match,absent,"2",801,48,"16.68",523951,s,900,"1",""
"444",test,DV_118_C2_118_00,.jpg,"800",s,s l,"2","","","","","",ITI,"4",hide,Match,absent,"2",801,48,"16.68",525728,s,991,"1",""
"473",test,C2_179_DV_021_00,.jpg,"800",l,s l,"2","","","","","",ITI,"4",hide,Mismatch,absent,"2",801,48,"16.68",527519,s,998,"0",""
"451",test,DV_004_C2_004_00,.jpg,"800",s,s l,"2","","","","","",ITI,"4",hide,Match,absent,"2",801,48,"16.69",529319,s,1012,"1",""
"494",test,C2_037_DV_030_00,.jpg,"800",l,s l,"2","","","","","",ITI,"4",hide,Mismatch,absent,"2",801,48,"16.68",531552,l,1443,"1",""
"449",test,C2_112_DV_112_00,.jpg,"800",s,s l,"2","","","","","",ITI,"4",hide,Match,absent,"2",801,48,"16.68",533519,s,1175,"1",""
"470",test,C2_012_DV_245_00,.jpg,"800",l,s l,"2","","","","","",ITI,"4",hide,Mismatch,absent,"2",801,48,"16.68",537680,l,3365,"1",""
"484",test,C2_095_DV_229_00,.jpg,"800",l,s l,"2","","","","","",ITI,"4",hide,Mismatch,absent,"2",801,48,"16.68",540064,l,1596,"1",""
"469",test,C2_038_DV_081_00,.jpg,"800",l,s l,"2","","","","","",ITI,"4",hide,Mismatch,absent,"2",801,48,"16.69",544807,s,3955,"0",""
"482",test,C2_023_DV_304_00,.jpg,"800",l,s l,"2","","","","","",ITI,"4",hide,Mismatch,absent,"2",801,48,"16.69",546607,s,1000,"0",""
"475",test,DV_044_C2_240_00,.jpg,"800",l,s l,"2","","","","","",ITI,"4",hide,Mismatch,absent,"2",801,48,"16.68",548823,l,1430,"1",""
"462",test,DV_200_C2_200_00,.jpg,"800",s,s l,"2","","","","","",ITI,"4",hide,Match,absent,"2",801,48,"16.68",551399,s,1788,"1",""
"477",test,C2_222_DV_204_00,.jpg,"800",l,s l,"2","","","","","",ITI,"4",hide,Mismatch,absent,"2",801,48,"16.68",554351,l,2154,"1",""
"474",test,DV_203_C2_277_00,.jpg,"800",l,s l,"2","","","","","",ITI,"4",hide,Mismatch,absent,"2",801,48,"16.69",556351,s,1201,"0",""
"465",test,DV_166_C2_166_00,.jpg,"800",s,s l,"2","","","","","",ITI,"4",hide,Match,absent,"2",801,48,"16.68",558167,s,1015,"1",""
"454",test,C2_146_DV_146_00,.jpg,"800",s,s l,"2","","","","","",ITI,"4",hide,Match,absent,"2",801,48,"16.68",560103,s,1149,"1",""
"464",test,C2_071_DV_071_00,.jpg,"800",s,s l,"2","","","","","",ITI,"4",hide,Match,absent,"2",801,48,"16.69",561960,s,1070,"1",""
"478",test,C2_092_DV_227_00,.jpg,"800",l,s l,"2","","","","","",ITI,"4",hide,Mismatch,absent,"2",801,48,"16.68",568247,s,5490,"0",""
"455",test,C2_271_DV_271_00,.jpg,"800",s,s l,"2","","","","","",ITI,"4",hide,Match,absent,"2",801,48,"16.69",570303,s,1256,"1",""
"476",test,DV_020_C2_090_00,.jpg,"800",l,s l,"2","","","","","",ITI,"4",hide,Mismatch,absent,"2",801,48,"16.69",575871,s,4772,"0",""
"438",test,DV_002_C2_002_00,.jpg,"800",s,s l,"2","","","","","",ITI,"4",hide,Match,absent,"2",801,48,"16.68",577559,s,887,"1",""
"453",test,C2_258_DV_258_00,.jpg,"800",s,s l,"2","","","","","",ITI,"4",hide,Match,absent,"2",801,48,"16.68",580287,s,1930,"1",""
"458",test,C2_131_DV_131_00,.jpg,"800",s,s l,"2","","","","","",ITI,"4",hide,Match,absent,"2",801,48,"16.69",581767,s,691,"1",""
"488",test,C2_076_DV_079_00,.jpg,"800",l,s l,"2","","","","","",ITI,"4",hide,Mismatch,absent,"2",801,48,"16.68",584847,l,2286,"1",""
"459",test,DV_190_C2_190_00,.jpg,"800",s,s l,"2","","","","","",ITI,"4",hide,Match,absent,"2",801,48,"16.68",586439,s,792,"1",""
"493",test,DV_078_C2_125_00,.jpg,"800",l,s l,"2","","","","","",ITI,"4",hide,Mismatch,absent,"2",801,48,"16.69",588399,l,1167,"1",""
"460",test,C2_260_DV_260_00,.jpg,"800",s,s l,"2","","","","","",ITI,"4",hide,Match,absent,"2",801,48,"16.69",589863,s,680,"1",""
"472",test,C2_009_DV_033_00,.jpg,"800",l,s l,"2","","","","","",ITI,"4",hide,Mismatch,absent,"2",801,48,"16.69",591863,s,1211,"0",""
"443",test,C2_182_DV_182_00,.jpg,"800",s,s l,"2","","","","","",ITI,"4",hide,Match,absent,"2",801,48,"16.68",593487,s,833,"1",""
"441",test,C2_053_DV_053_00,.jpg,"800",s,s l,"2","","","","","",ITI,"4",hide,Match,absent,"2",801,48,"16.68",595199,s,926,"1",""
"456",test,C2_181_Dv_181_00,.jpg,"800",s,s l,"2","","","","","",ITI,"4",hide,Match,absent,"2",801,48,"16.69",597031,s,1040,"1",""
"463",test,DV_008_C2_008_00,.jpg,"800",s,s l,"2","","","","","",ITI,"4",hide,Match,absent,"2",801,48,"16.68",598447,s,621,"1",""
"452",test,C2_040_DV_040_00,.jpg,"800",s,s l,"2","","","","","",ITI,"4",hide,Match,absent,"2",801,48,"16.68",600207,s,963,"1",""
"497",test,DV_013_C2_235_00,.jpg,"800",l,s l,"2","","","","","",ITI,"4",hide,Mismatch,absent,"2",801,48,"16.69",603135,l,2139,"1",""
"490",test,C2_289_DV_039_00,.jpg,"800",l,s l,"2","","","","","",ITI,"4",hide,Mismatch,absent,"2",801,48,"16.68",605295,s,1363,"0",""
"440",test,C2_036_DV_036_00,.jpg,"800",s,s l,"2","","","","","",ITI,"4",hide,Match,absent,"2",801,48,"16.68",606839,s,755,"1",""
"468",test,DV_059_C2_055_00,.jpg,"800",l,s l,"2","","","","","",ITI,"4",hide,Mismatch,absent,"2",801,48,"16.68",608807,l,1172,"1",""
"479",test,C2_070_DV_128_00,.jpg,"800",l,s l,"2","","","","","",ITI,"4",hide,Mismatch,absent,"2",801,48,"16.68",610799,l,1195,"1",""
"445",test,C2_294_DV_294_00,.jpg,"800",s,s l,"2","","","","","",ITI,"4",hide,Match,absent,"2",801,48,"16.68",612543,s,953,"1",""
"439",test,C2_080_DV_080_00,.jpg,"800",s,s l,"2","","","","","",ITI,"4",hide,Match,absent,"2",801,48,"16.69",614327,s,986,"1",""
"481",test,DV_067_C2_057_00,.jpg,"800",l,s l,"2","","","","","",ITI,"4",hide,Mismatch,absent,"2",801,48,"16.68",619615,s,4489,"0",""
"485",test,DV_007_C2_098_00,.jpg,"800",l,s l,"2","","","","","",ITI,"4",hide,Mismatch,absent,"2",801,48,"16.68",621407,s,992,"0",""
"483",test,C2_288_DV_255_00,.jpg,"800",l,s l,"2","","","","","",ITI,"4",hide,Mismatch,absent,"2",801,48,"16.69",623327,l,1127,"1",""
"498",form,"","","","","","",How stressed did you feel during the previous task?,"-10 being completely relaxed, 0 being neither relaxed nor stressed, and +10 being extremely stressed",slider,-10_10_1,"1","","4","","",absent,"",801,"","",629672,"1",5835,"0","1"